Currency Code,Currency Name,Country Code,Country Name,Status
AGLD,Adventure Gold,Crypto,Global,AVAILABLE
FJD,Fiji Dollar,FJ,Fiji,AVAILABLE
LVL,Latvian Lats,LV,Latvia,AVAILABLE
SCR,Seychellois Rupee,SC,Seychelles,AVAILABLE
BBD,Barbadian Dollar,BB,Barbados,AVAILABLE
HNL,Honduran Lempira,HN,Honduras,AVAILABLE
UGX,Uganda Shilling,UG,Uganda,AVAILABLE
KUJI,Kujira,Crypto,Global,AVAILABLE
NEAR,NEAR Protocol,Crypto,Global,AVAILABLE
AIOZ,Aioz Network,Crypto,Global,AVAILABLE
AUDIO,Audius,Crypto,Global,AVAILABLE
WLD,Worldcoin,Crypto,Global,AVAILABLE
HNT,Helium,Crypto,Global,AVAILABLE
ETHFI,ether.fi,Crypto,Global,AVAILABLE
FARM,Harvest Finance,Crypto,Global,AVAILABLE
SDG,Sudanese Pound,SD,Sudan,AVAILABLE
DGB,DigiByte,Crypto,Global,AVAILABLE
BCH,Bitcoin Cash,Crypto,Global,AVAILABLE
AI,Sleepless AI,Crypto,Global,AVAILABLE
FKP,Falkland Islands Pound,FK,Falkland Islands,AVAILABLE
JST,JUST,Crypto,Global,AVAILABLE
HOT,Holo,Crypto,Global,AVAILABLE
AR,Arweave,Crypto,Global,AVAILABLE
SEI,Sei,Crypto,Global,AVAILABLE
QAI,QuantixAI,Crypto,Global,AVAILABLE
SEK,Swedish Krona,SE,Sweden,AVAILABLE
BB,BounceBit,Crypto,Global,AVAILABLE
QAR,Qatari Rial,QA,Qatar,AVAILABLE
JTO,Jito,Crypto,Global,AVAILABLE
WEMIX,WEMIX,Crypto,Global,AVAILABLE
G,Gravity,Crypto,Global,AVAILABLE
FLR,FLARE,Crypto,Global,AVAILABLE
BIGTIME,Big Time,Crypto,Global,AVAILABLE
BDT,Bangladeshi Taka,BD,Bangladesh,AVAILABLE
T,Threshold,Crypto,Global,AVAILABLE
LYD,Libyan Dinar,LY,Libya,AVAILABLE
W,Wormhole,Crypto,Global,AVAILABLE
BDX,Beldex,Crypto,Global,AVAILABLE
BABYDOGE,Baby Doge Coin,Crypto,Global,AVAILABLE
SFP,SafePal,Crypto,Global,AVAILABLE
DIA,Dia,Crypto,Global,AVAILABLE
PORK,PepeFork,Crypto,Global,DEPRECIATED
JUP,Jupiter,Crypto,Global,AVAILABLE
RSS3,RSS3,Crypto,Global,AVAILABLE
LYX,LUKSO,Crypto,Global,AVAILABLE
SGB,Songbird,Crypto,Global,AVAILABLE
SGD,Singapore Dollar,SG,Singapore,AVAILABLE
STRD,Stride,Crypto,Global,AVAILABLE
WOO,WOO Network,Crypto,Global,AVAILABLE
BLUR,Blur,Crypto,Global,AVAILABLE
STRK,Starknet,Crypto,Global,AVAILABLE
WZRD,Bitcoin Wizards,Crypto,Global,AVAILABLE
HRK,Croatian Kuna,HR,Croatia,AVAILABLE
DJF,Djibouti Franc,DJ,Djibouti,AVAILABLE
OMIKAMI,AMATERASU OMIKAMI,Crypto,Global,AVAILABLE
WAVES,Waves,Crypto,Global,AVAILABLE
FLOKI,FLOKI,Crypto,Global,AVAILABLE
SHP,Saint Helena Pound,SH,Saint Helena,AVAILABLE
BGB,Bitget Token,Crypto,Global,AVAILABLE
SAND,The Sandbox,Crypto,Global,AVAILABLE
DKK,Danish Krone,DK,Denmark,AVAILABLE
WCFG,Wrapped Centrifuge,Crypto,Global,AVAILABLE
QUBIC,Qubic,Crypto,Global,AVAILABLE
BGN,Bulgarian Lev,BG,Bulgaria,AVAILABLE
UMA,Universal Market Access,Crypto,Global,AVAILABLE
FOX,Shapeshift FOX Token,Crypto,Global,AVAILABLE
WSTETH,Lido wstETH,Crypto,Global,AVAILABLE
TUSD,TrueUSD,Crypto,Global,AVAILABLE
LRDS,Blocklords,Crypto,Global,AVAILABLE
HTG,Haitian Gourde,HT,Haiti,AVAILABLE
BHD,Bahraini Dinar,BH,Bahrain,AVAILABLE
OAS,Oasys,Crypto,Global,AVAILABLE
COVAL,COVAL,Crypto,Global,AVAILABLE
ZETACHAIN,Zetachain,Crypto,Global,AVAILABLE
CGLD,Celo Gold,Crypto,Global,AVAILABLE
UNI,Uniswap,Crypto,Global,AVAILABLE
FX,Function X,Crypto,Global,AVAILABLE
HUF,Hungarian Forint,HU,Hungary,AVAILABLE
BIF,Burundian Franc,BI,Burundi,AVAILABLE
GF,GuildFi,Crypto,Global,DEPRECIATED
PEPECOIN,PepeCoin,Crypto,Global,AVAILABLE
WELL,Moonwell,Crypto,Global,AVAILABLE
OX OLD,,,,DEPRECIATED
SWFTC,SwftCoin,Crypto,Global,AVAILABLE
BIT,BitDAO,Crypto,Global,AVAILABLE
GT,GateToken,Crypto,Global,AVAILABLE
SKK,Slovak Koruna,SK,Slovakia,AVAILABLE
SKL,SKALE Network,Crypto,Global,AVAILABLE
UOS,Ultra,Crypto,Global,DEPRECIATED
WST,Samoan TƒÅlƒÅ,WS,Samoa,AVAILABLE
SHPING,Shping Coin,Crypto,Global,AVAILABLE
BRETT,Brett,Crypto,Global,AVAILABLE
MYTH,Mythos,Crypto,Global,AVAILABLE
DNT,District0x,Crypto,Global,AVAILABLE
HT,Huobi Token,Crypto,Global,AVAILABLE
TRUAPT,TruFin Staked APT,Crypto,Global,AVAILABLE
SLE,Sierra Leonean Leone,SL,Sierra Leone,AVAILABLE
FLOW,Flow,Crypto,Global,AVAILABLE
UPI,Pawtocol,Crypto,Global,AVAILABLE
SLL,Sierra Leonean Leone,SL,Sierra Leone,AVAILABLE
SLP,Smooth Love Potion,Crypto,Global,AVAILABLE
ID,SPACE ID,Crypto,Global,AVAILABLE
DOG,Dog,Crypto,Global,AVAILABLE
GIGA,Gigachad,Crypto,Global,AVAILABLE
DOP,Dominican Peso,DO,Dominican Republic,AVAILABLE
IO,io.net,Crypto,Global,AVAILABLE
UQC,Uquid Coin,Crypto,Global,AVAILABLE
IQ,IQ,Crypto,Global,AVAILABLE
DOT,Polkadot,Crypto,Global,AVAILABLE
OSAK,Osaka Protocol,Crypto,Global,AVAILABLE
1INCH,1inch,Crypto,Global,AVAILABLE
MAD,Moroccan Dirham,EH,Western Sahara,AVAILABLE
FNSA,FINSCHIA,Crypto,Global,DEPRECIATED
TURBO,Turbo,Crypto,Global,AVAILABLE
BLD,Agoric,Crypto,Global,DEPRECIATED
UNFI,Unifi Protocol DAO,Crypto,Global,AVAILABLE
APEX,ApeX Protocol,Crypto,Global,AVAILABLE
FTM,Fantom,Crypto,Global,AVAILABLE
EVER,Everscale,Crypto,Global,DEPRECIATED
POWR,Powerledger,Crypto,Global,AVAILABLE
FTN,Fasttoken,Crypto,Global,AVAILABLE
MAV,Maverick Protocol,Crypto,Global,AVAILABLE
CORGIAI,CorgiAI,Crypto,Global,AVAILABLE
FTW,Black Agnus,Crypto,Global,DEPRECIATED
ARKM,Arkham,Crypto,Global,AVAILABLE
ATOM,Cosmos,Crypto,Global,AVAILABLE
SAVAX,BENQI Liquid Staked AVAX,Crypto,Global,AVAILABLE
QUICK,QuickSwap,Crypto,Global,AVAILABLE
PENDLE,Pendle,Crypto,Global,AVAILABLE
BLZ,Bluzelle,Crypto,Global,AVAILABLE
BOBA,Boba Network,Crypto,Global,AVAILABLE
TONE,TE-FOOD,Crypto,Global,AVAILABLE
BMD,Bermudian Dollar,BM,Bermuda,AVAILABLE
SNT,Status Network,Crypto,Global,AVAILABLE
SNX,Synthetix Network,Crypto,Global,AVAILABLE
USD,US Dollar,AS,American Samoa,AVAILABLE
API3,API3,Crypto,Global,AVAILABLE
ROSE,Oasis Network,Crypto,Global,AVAILABLE
SATS,SATS (Ordinals),Crypto,Global,AVAILABLE
PORTAL,Portal,Crypto,Global,AVAILABLE
SOL,Solana,Crypto,Global,AVAILABLE
MUMU,Mumu the Bull,Crypto,Global,AVAILABLE
SOS,Somali Shilling,SO,Somalia,AVAILABLE
BNB,BNB,Crypto,Global,AVAILABLE
OGN,Origin Token,Crypto,Global,AVAILABLE
UST,TerraUSD,Crypto,Global,AVAILABLE
CELR,Celer Network,Crypto,Global,AVAILABLE
BND,Brunei Dollar,BN,Brunei,AVAILABLE
CELO,Celo,Crypto,Global,AVAILABLE
TBTC,tBTC,Crypto,Global,AVAILABLE
AUCTION,Bounce Token AUCTION,Crypto,Global,AVAILABLE
MANTA,Manta Network,Crypto,Global,AVAILABLE
BADGER,Badger DAO,Crypto,Global,AVAILABLE
MULTI,Multichain,Crypto,Global,AVAILABLE
AERO,Aerodrome Finance,Crypto,Global,AVAILABLE
SPA,Sperax,Crypto,Global,AVAILABLE
BNT,Bancor Network,Crypto,Global,AVAILABLE
SHDW,Shadow Token,Crypto,Global,AVAILABLE
BOB,Bolivian Boliviano,BO,Bolivia,AVAILABLE
MDL,Moldovan Leu,MD,Moldova,AVAILABLE
OHM,Olympus,Crypto,Global,AVAILABLE
SPX,SPX6900,Crypto,Global,AVAILABLE
MDT,Measurable Data Token,Crypto,Global,AVAILABLE
ANDY,ANDY,Crypto,Global,AVAILABLE
AERGO,Aergo,Crypto,Global,AVAILABLE
KOIN,Kittekoin,Crypto,Global,DEPRECIATED
MX,MX Token,Crypto,Global,AVAILABLE
EGLD,Elrond,Crypto,Global,AVAILABLE
ZBCN,Zebec Network,Crypto,Global,DEPRECIATED
KAS,Kaspa,Crypto,Global,AVAILABLE
TRUMP,MAGA,Crypto,Global,AVAILABLE
MEW,cat in a dogs world,Crypto,Global,AVAILABLE
PUNDIX,Pundi X (New),Crypto,Global,AVAILABLE
FXS,Frax Share,Crypto,Global,AVAILABLE
AEVO,Aevo,Crypto,Global,AVAILABLE
SRD,Surinamese Dollar,SR,Suriname,AVAILABLE
NU,NuCypher,Crypto,Global,AVAILABLE
FLUX,Flux,Crypto,Global,AVAILABLE
TOPIA,HYTOPIA,Crypto,Global,DEPRECIATED
BPX,Black Phoenix,Crypto,Global,DEPRECIATED
QNT,Quant,Crypto,Global,AVAILABLE
MUSD,mStableUSD,Crypto,Global,DEPRECIATED
OM,MANTRA,Crypto,Global,AVAILABLE
ETHW,EthereumPoW,Crypto,Global,AVAILABLE
MUSE,Muse,Crypto,Global,AVAILABLE
ETHX,Stader ETHx,Crypto,Global,AVAILABLE
OP,Optimism,Crypto,Global,AVAILABLE
CANTO,CANTO,Crypto,Global,DEPRECIATED
MGA,Malagasy Ariary,MG,Madagascar,AVAILABLE
OKB,OKB,Crypto,Global,AVAILABLE
OX,Open Exchange Token,Crypto,Global,DEPRECIATED
WETH,WETH,Crypto,Global,AVAILABLE
SSP,South Sudanese Pound,SS,Republic of South Sudan,AVAILABLE
JUPSOL,Jupiter Staked SOL,Crypto,Global,AVAILABLE
NEON,Neon EVM,Crypto,Global,AVAILABLE
SSV,SSV Network,Crypto,Global,AVAILABLE
OKT,OKT Chain,Crypto,Global,AVAILABLE
ETH2,Ethereum 2.0,Crypto,Global,AVAILABLE
PAAL,PAAL AI,Crypto,Global,AVAILABLE
KCS,KuCoin Token,Crypto,Global,AVAILABLE
BUSD,Binance USD,Crypto,Global,AVAILABLE
ARPA,ARPA Chain,Crypto,Global,AVAILABLE
BRL,Brazilian Real,BR,Brazil,AVAILABLE
ALCX,Alchemix,Crypto,Global,AVAILABLE
ALEX,ALEX Lab,Crypto,Global,AVAILABLE
STD,S√£o Tom√© and Pr√≠ncipe Dobra,ST,S√£o Tom√© and Pr√≠ncipe,AVAILABLE
STG,Stargate Finance,Crypto,Global,AVAILABLE
IOTX,IoTeX,Crypto,Global,AVAILABLE
SHIB,Shiba Inu,Crypto,Global,AVAILABLE
KDA,Kadena,Crypto,Global,AVAILABLE
ZAR,South African Rand,ZA,South Africa,AVAILABLE
ALEO,Aleo,Crypto,Global,AVAILABLE
STN,S√£o Tom√© and Pr√≠ncipe Dobra,ST,S√£o Tom√© and Pr√≠ncipe,AVAILABLE
BSD,Bahamian Dollar,BS,Bahamas,AVAILABLE
STX,Stacks,Crypto,Global,AVAILABLE
QI,BENQI,Crypto,Global,AVAILABLE
CAIR,Crypto-AI-Robo.com,Crypto,Global,DEPRECIATED
ZBC,Zebec Protocol,Crypto,Global,DEPRECIATED
BLAST,Blast,Crypto,Global,AVAILABLE
BSV,Bitcoin SV,Crypto,Global,AVAILABLE
IOST,IOST,Crypto,Global,AVAILABLE
SUI,Sui,Crypto,Global,AVAILABLE
CAKE,PancakeSwap,Crypto,Global,AVAILABLE
MSOL,Marinade Staked SOL,Crypto,Global,AVAILABLE
OMG,Omisego,Crypto,Global,AVAILABLE
OMI,ECOMI,Crypto,Global,AVAILABLE
PYUSD,PayPal USD,Crypto,Global,AVAILABLE
SUN,Sun (New),Crypto,Global,AVAILABLE
BTC,Bitcoin,Crypto,Global,AVAILABLE
UYU,Uruguayan Peso,UY,Uruguay,AVAILABLE
IOTA,IOTA,Crypto,Global,AVAILABLE
ZYPTO,Zypto Token,Crypto,Global,DEPRECIATED
BTG,Bitcoin Gold,Crypto,Global,AVAILABLE
OMR,Omani Rial,OM,Oman,AVAILABLE
MIR,Mirror Protocol,Crypto,Global,AVAILABLE
KES,Kenyan Shilling,KE,Kenya,AVAILABLE
BTN,Bhutanese Ngultrum,BT,Bhutan,AVAILABLE
RONIN,Ronin,Crypto,Global,AVAILABLE
SOLVBTC,Solv Protocol SolvBTC,Crypto,Global,AVAILABLE
SVC,Salvadoran Col√≥n,SV,El Salvador,AVAILABLE
BTT,BitTorrent,Crypto,Global,AVAILABLE
ONE,Harmony,Crypto,Global,AVAILABLE
RENDER,Render,Crypto,Global,AVAILABLE
ONG,Ontology Gas,Crypto,Global,AVAILABLE
CETH,Compound Ether,Crypto,Global,AVAILABLE
ANKR,Ankr Network,Crypto,Global,AVAILABLE
ALGO,Algorand,Crypto,Global,AVAILABLE
SYLO,Sylo,Crypto,Global,AVAILABLE
UZS,Uzbekistani Som,UZ,Uzbekistan,AVAILABLE
SC,Siacoin,Crypto,Global,AVAILABLE
SD,Stader,Crypto,Global,AVAILABLE
ONT,Ontology,Crypto,Global,AVAILABLE
DYM,Dymension,Crypto,Global,AVAILABLE
DYP,DeFi Yield Protocol,Crypto,Global,AVAILABLE
MKD,Macedonian Denar,MK,Macedonia,AVAILABLE
DZD,Algerian Dinar,DZ,Algeria,AVAILABLE
QSP,Quantstamp,Crypto,Global,DEPRECIATED
MKR,Maker,Crypto,Global,AVAILABLE
KGS,Kyrgyzstani Som,KG,Kyrgyzstan,AVAILABLE
ICP,Internet Computer,Crypto,Global,AVAILABLE
ZEC,ZCash,Crypto,Global,AVAILABLE
XAF,Central African CFA franc,CF,Central African Republic,AVAILABLE
NEST,NEST Protocol,Crypto,Global,AVAILABLE
ICX,ICON,Crypto,Global,AVAILABLE
XAG,Silver (troy ounce),Metal,Global,AVAILABLE
KMNO,Kamino Finance,Crypto,Global,AVAILABLE
XAI,Xai,Crypto,Global,AVAILABLE
ZEN,Horizen,Crypto,Global,AVAILABLE
FRIEND,Friend.tech,Crypto,Global,DEPRECIATED
DOGE,Dogecoin,Crypto,Global,AVAILABLE
SXP,,,,AVAILABLE
HBAR,Hedera,Crypto,Global,AVAILABLE
XAU,Gold (troy ounce),Metal,Global,AVAILABLE
MLN,Enzyme,Crypto,Global,AVAILABLE
PEPE,Pepe,Crypto,Global,AVAILABLE
KHR,Cambodian Riel,KH,Cambodia,AVAILABLE
IDR,Indonesian Rupiah,ID,Indonesia,AVAILABLE
XBA,XBank,Crypto,Global,DEPRECIATED
DOGS,Dogs,Crypto,Global,AVAILABLE
XBC,Bitcoin Plus,Crypto,Global,DEPRECIATED
CTSI,Cartesi,Crypto,Global,AVAILABLE
BWP,Botswanan Pula,BW,Botswana,AVAILABLE
COMAI,Commune AI,Crypto,Global,DEPRECIATED
OUSG,OUSG,Crypto,Global,AVAILABLE
C98,Coin98,Crypto,Global,AVAILABLE
OSMO,Osmosis,Crypto,Global,AVAILABLE
NTRN,Neutron,Crypto,Global,AVAILABLE
SYN,Synapse,Crypto,Global,AVAILABLE
MMK,Burmese Kyat,MM,Myanmar,AVAILABLE
SYP,Syrian Pound,SY,Syria,AVAILABLE
CRPT,Crypterium,Crypto,Global,AVAILABLE
GAJ,Gaj Finance,Crypto,Global,DEPRECIATED
GAL,Project Galaxy,Crypto,Global,AVAILABLE
GAS,Gas,Crypto,Global,AVAILABLE
XCD,East Caribbean Dollar,AG,Antigua and Barbuda,AVAILABLE
MMX,MMX,Crypto,Global,AVAILABLE
BOME,BOOK OF MEME,Crypto,Global,AVAILABLE
VR,Victoria VR,Crypto,Global,AVAILABLE
XCH,Chia,Crypto,Global,AVAILABLE
SYNC,Syncus,Crypto,Global,DEPRECIATED
CBBTC,Coinbase Wrapped BTC,Crypto,Global,AVAILABLE
THETA,Theta Network,Crypto,Global,AVAILABLE
PANDORA,Pandora,Crypto,Global,DEPRECIATED
XCN,Chain,Crypto,Global,AVAILABLE
SZL,Swazi Lilangeni,SZ,Eswatini,AVAILABLE
ORN,Orion Protocol,Crypto,Global,AVAILABLE
NEXO,Nexo,Crypto,Global,AVAILABLE
AAVE,Aave,Crypto,Global,AVAILABLE
MNT,Mongolian T√∂gr√∂g,MN,Mongolia,AVAILABLE
GBP,Pound Sterling,GB,United Kingdom,AVAILABLE
BONK,Bonk,Crypto,Global,AVAILABLE
BYN,New Belarusian Ruble,BY,Belarus,AVAILABLE
XDC,XDC Network,Crypto,Global,AVAILABLE
PERP,Perpetual Protocol,Crypto,Global,AVAILABLE
BYR,Belarusian Ruble,BY,Belarus,AVAILABLE
BONE,Bone ShibaSwap,Crypto,Global,AVAILABLE
GBX,Penny Sterling,UK,United Kingdom,DEPRECIATED
BOND,BarnBridge,Crypto,Global,AVAILABLE
MOG,MOG Coin,Crypto,Global,AVAILABLE
XDR,Special Drawing Rights,Crypto,Global,AVAILABLE
TIME,Chrono.tech,Crypto,Global,AVAILABLE
BICO,Biconomy,Crypto,Global,AVAILABLE
BZD,Belize Dollar,BZ,Belize,AVAILABLE
MOP,Macau Pataca,MO,Macao,AVAILABLE
MONA,Monavale,Crypto,Global,AVAILABLE
HMSTR,Hamster Kombat,Crypto,Global,AVAILABLE
XEC,eCash,Crypto,Global,AVAILABLE
PEOPLE,ConstitutionDAO,Crypto,Global,AVAILABLE
XT,XT.com Token,Crypto,Global,DEPRECIATED
ZIL,Zilliqa,Crypto,Global,AVAILABLE
XEM,NEM,Crypto,Global,AVAILABLE
WEETH,Wrapped eETH,Crypto,Global,AVAILABLE
TRAC,OriginTrail,Crypto,Global,AVAILABLE
MPL,Maple,Crypto,Global,AVAILABLE
10SET,Tenset,Crypto,Global,DEPRECIATED
WAXL,Axelar,Crypto,Global,AVAILABLE
OOKI,Ooki Protocol,Crypto,Global,AVAILABLE
BORA,BORA,Crypto,Global,AVAILABLE
KMF,Comorian Franc,KM,Comoros,AVAILABLE
GEL,Georgian Lari,GE,Georgia,AVAILABLE
ZK,zkSync,Crypto,Global,AVAILABLE
RSETH,Kelp DAO Restaked ETH,Crypto,Global,AVAILABLE
EETH,ether.fi Staked ETH,Crypto,Global,AVAILABLE
KNC,Kyber Network Crystals,Crypto,Global,AVAILABLE
PROM,Prom,Crypto,Global,AVAILABLE
ALEPH,Aleph.im,Crypto,Global,AVAILABLE
PONKE,Ponke,Crypto,Global,AVAILABLE
BODEN,Jeo Boden,Crypto,Global,DEPRECIATED
GFI,Goldfinch,Crypto,Global,AVAILABLE
MRO,Mauritanian Ouguiya,MR,Mauritania,AVAILABLE
MRS,Metars Genesis,Crypto,Global,AVAILABLE
MRU,Mauritanian Ouguiya,MR,Mauritania,AVAILABLE
BORG,SwissBorg,Crypto,Global,AVAILABLE
üêï,DOG‚Ä¢GO‚Ä¢TO‚Ä¢THE‚Ä¢MOON,Crypto,Global,DEPRECIATED
SUPEROETHB,Super OETH,Crypto,Global,AVAILABLE
WAXP,WAX,Crypto,Global,AVAILABLE
SUKU,SUKU,Crypto,Global,AVAILABLE
GGP,Guernsey Pound,GG,Guernsey,AVAILABLE
GRIN,Grin,Crypto,Global,DEPRECIATED
VEF,Venezuelan Bol√≠var Fuerte,VE,Venezuela,AVAILABLE
BTRFLY,Redacted,Crypto,Global,DEPRECIATED
ZMK,Zambian Kwacha,ZM,Zambia,AVAILABLE
KARRAT,Karrat,Crypto,Global,AVAILABLE
ALPH,Alephium,Crypto,Global,AVAILABLE
MOBILE,Helium Mobile,Crypto,Global,AVAILABLE
TAO,Bittensor,Crypto,Global,AVAILABLE
MTL,Maltese Lira,MT,Malta,AVAILABLE
VET,VeChain,Crypto,Global,AVAILABLE
VES,Venezuelan Bol√≠var,VE,Venezuela,AVAILABLE
ZMW,Zambian Kwacha,ZM,Zambia,AVAILABLE
USDT,Tether,Crypto,Global,AVAILABLE
USDC.E,Arbitrum Bridged USDC (Arbitrum),Crypto,Global,AVAILABLE
OXT,Orchid Network,Crypto,Global,AVAILABLE
USDP,Pax Dollar,Crypto,Global,AVAILABLE
ILS,New Israeli Sheqel,IL,Israel,AVAILABLE
ILV,Illuvium,Crypto,Global,AVAILABLE
GHS,Ghanaian Cedi,GH,Ghana,AVAILABLE
KPW,North Korean Won,KP,North Korea,AVAILABLE
USDY,Ondo US Dollar Yield,Crypto,Global,AVAILABLE
EDU,Open Campus,Crypto,Global,AVAILABLE
MEDIA,Media Network,Crypto,Global,AVAILABLE
KEEP,Keep Network,Crypto,Global,AVAILABLE
CAD,Canadian Dollar,CA,Canada,AVAILABLE
CAF,Childrens Aid Foundation,Crypto,Global,DEPRECIATED
EEK,Estonian Kroon,EE,Estonia,AVAILABLE
MUR,Mauritius Rupee,MU,Mauritius,AVAILABLE
IMP,Isle of Man Pound,IM,Isle of Man,AVAILABLE
USD0,Usual Stablecoin,Crypto,Global,AVAILABLE
GIP,Gibraltar Pound,GI,Gibraltar,AVAILABLE
BEAM,Beam,Crypto,Global,AVAILABLE
IMX,Immutable X,Crypto,Global,AVAILABLE
CAT,Simon's Cat,Crypto,Global,AVAILABLE
USDE,Ethena USDe,Crypto,Global,AVAILABLE
USDD,USDD,Crypto,Global,AVAILABLE
USDC,USDC,Crypto,Global,AVAILABLE
USDB,USDB,Crypto,Global,AVAILABLE
XMON,XMON,Crypto,Global,AVAILABLE
RETH,Rocket Pool ETH,Crypto,Global,AVAILABLE
INJ,Injective,Crypto,Global,AVAILABLE
KRL,Kryll,Crypto,Global,AVAILABLE
VGX,Voyager Token,Crypto,Global,AVAILABLE
CHEX,Chintai,Crypto,Global,AVAILABLE
MVR,Maldivian Rufiyaa,MV,Maldives,AVAILABLE
TRIBE,Tribe,Crypto,Global,AVAILABLE
INR,Indian Rupee,IN,India,AVAILABLE
INV,Inverse Finance,Crypto,Global,AVAILABLE
KRW,South Korean Won,KR,South Korea,AVAILABLE
STSOL,Lido for Solana,Crypto,Global,DEPRECIATED
MWC,MimbleWimbleCoin,Crypto,Global,AVAILABLE
XLM,Stellar,Crypto,Global,AVAILABLE
DORA,Dora Factory,Crypto,Global,AVAILABLE
MWK,Malawian Kwacha,MW,Malawi,AVAILABLE
EIGEN,Eigenlayer,Crypto,Global,AVAILABLE
SUPER,SuperFarm,Crypto,Global,AVAILABLE
KSM,Kusama,Crypto,Global,AVAILABLE
RNDR,Render Token,Crypto,Global,AVAILABLE
GALA,Gala,Crypto,Global,AVAILABLE
EGP,Egyptian Pound,EG,Egypt,AVAILABLE
RAD,Radicle,Crypto,Global,AVAILABLE
MXC,MXC,Crypto,Global,AVAILABLE
TEL,Telcoin,Crypto,Global,AVAILABLE
MOVR,Moonriver,Crypto,Global,AVAILABLE
RAI,Rai Reflex Index,Crypto,Global,AVAILABLE
XMR,Monero,Crypto,Global,AVAILABLE
MXN,Mexican Peso,MX,Mexico,AVAILABLE
TET,Tectum,Crypto,Global,DEPRECIATED
MCOIN,MCOIN,Crypto,Global,DEPRECIATED
CDF,Congolese Franc,CD,Democratic Republic of the Congo,AVAILABLE
GLM,Golem,Crypto,Global,AVAILABLE
RAY,Raydium,Crypto,Global,AVAILABLE
BTC.B,Bitcoin Avalanche Bridged,Crypto,Global,AVAILABLE
CDT,Blox,Crypto,Global,AVAILABLE
FDUSD,First Digital USD,Crypto,Global,AVAILABLE
ZRO,LayerZero,Crypto,Global,AVAILABLE
KUB,Bitkub,Crypto,Global,AVAILABLE
NPXS,Pundi X [OLD],Crypto,Global,AVAILABLE
IQD,Iraqi Dinar,IQ,Iraq,AVAILABLE
GMD,Gambian Dalasi,GM,Gambia,AVAILABLE
RBN,Ribbon FInance,Crypto,Global,AVAILABLE
ZRX,ZRX 0x,Crypto,Global,AVAILABLE
MYR,Malaysian Ringgit,MY,Malaysia,AVAILABLE
CEL,Celsius Network,Crypto,Global,DEPRECIATED
XOF,West African CFA Franc,CFA,African Financial Community,AVAILABLE
GMT,Stepn,Crypto,Global,AVAILABLE
BEER,BEERCOIN,Crypto,Global,DEPRECIATED
SWETH,Swell Ethereum,Crypto,Global,AVAILABLE
CET,CoinEx Token,Crypto,Global,AVAILABLE
GMX,GMX,Crypto,Global,AVAILABLE
OMNI,Omni Network,Crypto,Global,AVAILABLE
GNF,Guinean Franc,GN,Guinea,AVAILABLE
MZN,Mozambican Metical,MZ,Mozambique,AVAILABLE
CFG,Centrifuge,Crypto,Global,AVAILABLE
IRR,Iranian Rial,IR,Iran,AVAILABLE
GNO,Gnosis,Crypto,Global,AVAILABLE
GNT,GreenTrust,Crypto,Global,AVAILABLE
GNS,Gains Network,Crypto,Global,AVAILABLE
XPD,Palladium (troy ounce),Metal,Global,AVAILABLE
THB,Thai Baht,TH,Thailand,AVAILABLE
XPF,CFP Franc,CFP,French colonies of the Pacific,AVAILABLE
VANRY,Vanar Chain,Crypto,Global,AVAILABLE
BITCOIN,HarryPotterObamaSonic10Inu (ETH),Crypto,Global,AVAILABLE
ABT,Arcblock,Crypto,Global,AVAILABLE
CFX,Conflux,Crypto,Global,AVAILABLE
CDAI,Compound Dai,Crypto,Global,DEPRECIATED
KWD,Kuwaiti Dinar,KW,Kuwait,AVAILABLE
VELO,Velo,Crypto,Global,AVAILABLE
XPT,Platinum (troy ounce),Metal,Global,AVAILABLE
ISK,Iceland Krona,IS,Iceland,AVAILABLE
ACH,Alchemy Pay,Crypto,Global,AVAILABLE
MINA,Mina,Crypto,Global,AVAILABLE
TIA,Celestia,Crypto,Global,AVAILABLE
VTHO,VeThor Token,Crypto,Global,AVAILABLE
PAB,Panamanian Balboa,PA,Panama,AVAILABLE
ACS,ACryptoS,Crypto,Global,AVAILABLE
ACX,Across Protocol,Crypto,Global,AVAILABLE
REI,REI Network,Crypto,Global,AVAILABLE
REN,renBTC,Crypto,Global,AVAILABLE
ELA,Elastos,Crypto,Global,AVAILABLE
REP,Augur,Crypto,Global,AVAILABLE
ADA,Cardano,Crypto,Global,AVAILABLE
ELF,aelf,Crypto,Global,AVAILABLE
REQ,Request,Crypto,Global,AVAILABLE
STORJ,Storj,Crypto,Global,AVAILABLE
CHF,Swiss Franc,CH,Switzerland,AVAILABLE
RARI,Rarible,Crypto,Global,AVAILABLE
ELG,Escoin,Crypto,Global,AVAILABLE
ULTIMA,Ultima,Crypto,Global,AVAILABLE
RARE,SuperRare,Crypto,Global,AVAILABLE
LADYS,Milady Meme Coin,Crypto,Global,AVAILABLE
PAXG,PAX Gold,Crypto,Global,AVAILABLE
PAX,Paxos Standard Token,Crypto,Global,AVAILABLE
XRD,Radix,Crypto,Global,AVAILABLE
CHR,Chromia,Crypto,Global,AVAILABLE
VND,Vietnamese Dong,VN,Vietnam,AVAILABLE
$WEN,Wen,Crypto,Global,DEPRECIATED
CHZ,Chiliz,Crypto,Global,AVAILABLE
KYD,Cayman Islands Dollar,KY,Cayman Islands,AVAILABLE
XRP,Ripple,Crypto,Global,AVAILABLE
JASMY,Jasmy,Crypto,Global,AVAILABLE
INDEX,Index Cooperative,Crypto,Global,AVAILABLE
TJS,Tajikistani Somoni,TJ,Tajikistan,AVAILABLE
AED,UAE Dirham,AE,United Arab Emirates,AVAILABLE
FIDA,Bonfida,Crypto,Global,AVAILABLE
H2O,H2O Dao,Crypto,Global,AVAILABLE
EML,EML Protocol,Crypto,Global,DEPRECIATED
ZWD,Zimbabwean Dollar,ZW,Zimbabwe,AVAILABLE
OCEAN,Ocean Protocol,Crypto,Global,AVAILABLE
QGOLD,Quorium,Crypto,Global,AVAILABLE
ZWL,Zimbabwean Dollar,ZW,Zimbabwe,AVAILABLE
PCI,Paycoin,Crypto,Global,AVAILABLE
ENA,Ethena,Crypto,Global,AVAILABLE
RGT,Rari Governance Token,Crypto,Global,AVAILABLE
ENJ,Enjin Coin,Crypto,Global,AVAILABLE
TKX,Tokenize Xchange,Crypto,Global,AVAILABLE
KZT,Kazakhstani Tenge,KZ,Kazakhstan,AVAILABLE
YFII,DFI.Money,Crypto,Global,AVAILABLE
DIMO,DIMO,Crypto,Global,AVAILABLE
GRT,The Graph,Crypto,Global,AVAILABLE
HBTC,Huobi BTC,Crypto,Global,DEPRECIATED
AFN,Afghan Afghani,AF,Afghanistan,AVAILABLE
TFUEL,Theta Fuel,Crypto,Global,AVAILABLE
ENS,Ethereum Name Service,Crypto,Global,AVAILABLE
DEGEN,Degen (BASE),Crypto,Global,AVAILABLE
XTS,Xaviera Techno Solutions,Crypto,Global,DEPRECIATED
CKB,Nervos Network,Crypto,Global,AVAILABLE
LUNC,Terra Luna Classic,Crypto,Global,AVAILABLE
XTZ,Tezos,Crypto,Global,AVAILABLE
LUNA,Terra,Crypto,Global,AVAILABLE
AURORA,Aurora,Crypto,Global,AVAILABLE
AGI,Delysium,Crypto,Global,AVAILABLE
EOS,EOS,Crypto,Global,AVAILABLE
GST,Green Satoshi Token,Crypto,Global,AVAILABLE
FORT,Forta,Crypto,Global,AVAILABLE
RIF,RSK Infrastructure Framework,Crypto,Global,AVAILABLE
WHRH,White Rhinoceros,Crypto,Global,DEPRECIATED
NAD,Namibian Dollar,NA,Namibia,AVAILABLE
FRXETH,Frax Finance - Frax Ether,Crypto,Global,AVAILABLE
TMM,Turkmenistan Manat,TM,Turkmenistan,AVAILABLE
SLERF,SLERF,Crypto,Global,AVAILABLE
GTC,Gitcoin,Crypto,Global,AVAILABLE
PEN,Peruvian Sol,PE,Peru,AVAILABLE
TMT,Turkmenistani Manat,TM,Turkmenistan,AVAILABLE
CLF,Chilean Unit of Account (UF),CL,Chile,AVAILABLE
TOSHI,Toshi,Crypto,Global,AVAILABLE
EUROC,Euro Coin,Crypto,Global,AVAILABLE
SUNDOG,SUNDOG,Crypto,Global,AVAILABLE
GTQ,Guatemalan Quetzal,GT,Guatemala,AVAILABLE
CLP,Chilean Peso,CL,Chile,AVAILABLE
TND,Tunisian Dinar,TN,Tunisia,AVAILABLE
CLV,Clover Finance,Crypto,Global,AVAILABLE
$MYRO,Myro,Crypto,Global,AVAILABLE
XVS,Venus,Crypto,Global,AVAILABLE
MEME,Memecoin,Crypto,Global,AVAILABLE
LYXE,LUKSO (Old),Crypto,Global,DEPRECIATED
SFUND,Seedify.fund,Crypto,Global,AVAILABLE
TON,Toncoin,Crypto,Global,AVAILABLE
TOP,Tongan Pa ªanga,TO,Tonga,AVAILABLE
PGK,Papua New Guinean Kina,PG,Papua New Guinea,AVAILABLE
TOR,TOR,Crypto,Global,DEPRECIATED
GYEN,GYEN,Crypto,Global,AVAILABLE
CNH,Chinese Yuan Renminbi Offshore,CN,China,AVAILABLE
NCT,Polyswarm,Crypto,Global,AVAILABLE
WLUNA,Wrapped LUNA,Crypto,Global,AVAILABLE
ERN,Eritrean Nakfa,ER,Eritrea,AVAILABLE
VENOM,Venom,Crypto,Global,AVAILABLE
VOXEL,Voxies,Crypto,Global,AVAILABLE
RLC,iExec RLC,Crypto,Global,AVAILABLE
RLB,,,,AVAILABLE
MAGA,TRUMP,Crypto,Global,DEPRECIATED
CNY,Chinese Yuan Renminbi,CN,China,AVAILABLE
PHP,Philippine Piso,PH,Philippines,AVAILABLE
RLY,Rally,Crypto,Global,AVAILABLE
OX_OLD,Open Exchange Token,Crypto,Global,AVAILABLE
COQ,Coq Inu,Crypto,Global,AVAILABLE
COP,Colombian Peso,CO,Colombia,AVAILABLE
HOPR,HOPR,Crypto,Global,AVAILABLE
AKT,Akash Network,Crypto,Global,AVAILABLE
COW,CoW Protocol,Crypto,Global,AVAILABLE
GLMR,Moonbeam,Crypto,Global,AVAILABLE
ORAI,Oraichain,Crypto,Global,AVAILABLE
XYO,XYO Network,Crypto,Global,AVAILABLE
ETB,Ethiopian Birr,ET,Ethiopia,AVAILABLE
GXC,GXChain,Crypto,Global,DEPRECIATED
ETC,Ethereum Classic,Crypto,Global,AVAILABLE
VUV,Vanuatu Vatu,VU,Vanuatu,AVAILABLE
LAK,Laotian Kip,LA,Laos,AVAILABLE
ETH,Ethereum,Crypto,Global,AVAILABLE
NEO,Neo,Crypto,Global,AVAILABLE
KLAY,Klaytn,Crypto,Global,DEPRECIATED
MEMES,MEMES‚Ä¢GO‚Ä¢TO‚Ä¢THE‚Ä¢MOON (Runes),Crypto,Global,DEPRECIATED
ALL,Albanian Lek,AL,Albania,AVAILABLE
MAVIA,Heroes of Mavia,Crypto,Global,DEPRECIATED
HIGH,Highstreet,Crypto,Global,AVAILABLE
TRB,Tellor,Crypto,Global,AVAILABLE
ALT,AltLayer,Crypto,Global,AVAILABLE
ORDI,Ordinals,Crypto,Global,AVAILABLE
GYD,Guyana Dollar,GY,Guyana,AVAILABLE
TRU,TrueFi,Crypto,Global,AVAILABLE
AMD,Armenian Dram,AM,Armenia,AVAILABLE
DREP,Drep [new],Crypto,Global,AVAILABLE
ETHDYDX,dYdX,Crypto,Global,AVAILABLE
TRY,Turkish Lira,TR,Turkey,AVAILABLE
LBP,Lebanese Pound,LB,Lebanon,AVAILABLE
TRX,TRON,Crypto,Global,AVAILABLE
NFT,APENFT,Crypto,Global,AVAILABLE
EUR,Euro,AD,Andorra,AVAILABLE
AMP,Amp,Crypto,Global,AVAILABLE
ORCA,Orca,Crypto,Global,AVAILABLE
CQT,Covalent,Crypto,Global,DEPRECIATED
USTC,TerraClassicUSD,Crypto,Global,AVAILABLE
RON,Romanian Leu,RO,Romania,AVAILABLE
NGN,Nigerian Naira,NG,Nigeria,AVAILABLE
CRC,Costa Rican Colon,CR,Costa Rica,AVAILABLE
PKR,Pakistani Rupee,PK,Pakistan,AVAILABLE
CRE,Carry,Crypto,Global,AVAILABLE
LUSD,Liquity USD,Crypto,Global,AVAILABLE
ANG,Netherlands Antillean Guilder,CW,Curacao,AVAILABLE
SPELL,Spell Token,Crypto,Global,AVAILABLE
LCX,LCX,Crypto,Global,AVAILABLE
CRO,Cronos,Crypto,Global,AVAILABLE
PLA,PlayDapp,Crypto,Global,AVAILABLE
TTD,Trinidad and Tobago Dollar,TT,Trinidad and Tobago,AVAILABLE
SFRXETH,Frax Staked Ether,Crypto,Global,AVAILABLE
CRV,Curve DAO Token,Crypto,Global,AVAILABLE
MNDE,Marinade,Crypto,Global,AVAILABLE
ANT,Aragon,Crypto,Global,AVAILABLE
BAKE,BakeryToken,Crypto,Global,AVAILABLE
RPL,Rocket Pool,Crypto,Global,AVAILABLE
AOA,Angolan Kwanza,AO,Angola,AVAILABLE
PLN,Polish Zloty,PL,Poland,AVAILABLE
AZERO,Aleph Zero,Crypto,Global,AVAILABLE
LDO,Lido DAO Token,Crypto,Global,AVAILABLE
MAGIC,MAGIC,Crypto,Global,AVAILABLE
ALICE,My Neighbor Alice,Crypto,Global,AVAILABLE
CORECHAIN,Core,Crypto,Global,AVAILABLE
PLU,Pluton,Crypto,Global,AVAILABLE
SEAM,Seamless,Crypto,Global,AVAILABLE
CTC,Creditcoin,Crypto,Global,AVAILABLE
NIO,Nicaraguan C√≥rdoba,NI,Nicaragua,AVAILABLE
APE,ApeCoin,Crypto,Global,AVAILABLE
LEO,UNUS SED LEO,Crypto,Global,AVAILABLE
APL,Apollo,Crypto,Global,DEPRECIATED
MCO2,Moss Carbon Credit,Crypto,Global,AVAILABLE
00,00 Token,Crypto,Global,AVAILABLE
MATIC,Polygon,Crypto,Global,AVAILABLE
APT,Aptos,Crypto,Global,AVAILABLE
APU,Apu Apustaja,Crypto,Global,AVAILABLE
CTX,Cryptex Finance,Crypto,Global,AVAILABLE
PNG,Pangolin,Crypto,Global,AVAILABLE
TVK,Terra Virtua Kolect,Crypto,Global,AVAILABLE
CUC,Cuban Convertible Peso,CU,Cuba,AVAILABLE
PYTH,Pyth Network,Crypto,Global,AVAILABLE
LFT,Lifti,Crypto,Global,DEPRECIATED
CUP,Cuban Peso,CU,Cuba,AVAILABLE
TWD,New Taiwan Dollar,TW,Taiwan,AVAILABLE
RSD,Serbian Dinar,RS,Serbia,AVAILABLE
FRAX,Frax,Crypto,Global,AVAILABLE
VRSC,VerusCoin,Crypto,Global,AVAILABLE
WBETH,Wrapped Beacon ETH,Crypto,Global,AVAILABLE
METH,Mantle Staked Ether,Crypto,Global,AVAILABLE
BAND,Band Protocol,Crypto,Global,AVAILABLE
POL,Polygon Ecosystem Token,Crypto,Global,AVAILABLE
ASTR,Astar,Crypto,Global,AVAILABLE
NKN,NKN,Crypto,Global,AVAILABLE
RSR,Reserve Rights,Crypto,Global,AVAILABLE
TWT,Trust Wallet Token,Crypto,Global,AVAILABLE
ARB,Arbitrum,Crypto,Global,AVAILABLE
CVC,Civic,Crypto,Global,AVAILABLE
VARA,Vara Network ,Crypto,Global,AVAILABLE
CVE,Cape Verdean Escudo,CV,Cape Verde,AVAILABLE
ARK,Ark,Crypto,Global,AVAILABLE
LOKA,League of Kingdoms Arena,Crypto,Global,AVAILABLE
ARS,Argentine Peso,AR,Argentina,AVAILABLE
CVX,Convex Finance,Crypto,Global,AVAILABLE
LBTC,Lombard Staked BTC,Crypto,Global,AVAILABLE
MPLX,Metaplex,Crypto,Global,AVAILABLE
SUSHI,SushiSwap,Crypto,Global,AVAILABLE
WBTC,Wrapped Bitcoin,Crypto,Global,AVAILABLE
ASM,Assemble Protocol,Crypto,Global,AVAILABLE
RUB,Russian Ruble,RU,Russia,AVAILABLE
AST,AirSwap,Crypto,Global,AVAILABLE
MANA,Mana Coin Decentraland,Crypto,Global,AVAILABLE
CSPR,Casper,Crypto,Global,AVAILABLE
ATA,Automata Network,Crypto,Global,AVAILABLE
NMR,Numeraire Network,Crypto,Global,AVAILABLE
JEP,Jersey Pound,JE,Jersey,AVAILABLE
NMT,NetMind Token,Crypto,Global,AVAILABLE
ATH,Aethir,Crypto,Global,AVAILABLE
LIT,Litentry,Crypto,Global,AVAILABLE
CXT,Covalent X Token,Crypto,Global,DEPRECIATED
TNSR,Tensor,Crypto,Global,AVAILABLE
POLYX,Polymesh,Crypto,Global,AVAILABLE
DESO,Decentralized Social,Crypto,Global,AVAILABLE
LOOM,Loom Network,Crypto,Global,AVAILABLE
RVN,Ravencoin,Crypto,Global,AVAILABLE
PRO,Propy,Crypto,Global,AVAILABLE
TZS,Tanzanian Shilling,TZ,Tanzania,AVAILABLE
PRQ,PARSIQ,Crypto,Global,AVAILABLE
ONDO,Ondo,Crypto,Global,AVAILABLE
AUD,Australian Dollar,AU,Australia,AVAILABLE
RWF,Rwandan Franc,RW,Rwanda,AVAILABLE
KAVA,Kava,Crypto,Global,AVAILABLE
NOK,Norwegian Krone,BV,Bouvet Island,AVAILABLE
STRAX,Stratis,Crypto,Global,AVAILABLE
LKR,Sri Lankan Rupee,LK,Sri Lanka,AVAILABLE
NOT,Notcoin,Crypto,Global,AVAILABLE
NOS,Nosana,Crypto,Global,AVAILABLE
CZK,Czech Koruna,CZ,Czech Republic,AVAILABLE
AVT,Aventus,Crypto,Global,AVAILABLE
NPC,Non-Playable Coin,Crypto,Global,AVAILABLE
EURC,EURC,Crypto,Global,AVAILABLE
YER,Yemeni Rial,YE,Yemen,AVAILABLE
LSETH,Liquid Staked Ethereum,Crypto,Global,AVAILABLE
MASK,Mask Network,Crypto,Global,AVAILABLE
AWG,Aruban Florin,AW,Aruba,AVAILABLE
NPR,Nepalese Rupee,NP,Nepal,AVAILABLE
PRIME,Echelon Prime,Crypto,Global,AVAILABLE
YFI,Yearn Finance,Crypto,Global,AVAILABLE
MOODENG,Moo Deng,Crypto,Global,AVAILABLE
CWBTC,Compound Wrapped BTC,Crypto,Global,AVAILABLE
POPCAT,Popcat,Crypto,Global,AVAILABLE
WBT,WhiteBIT Coin,Crypto,Global,AVAILABLE
LQTY,Liquity,Crypto,Global,AVAILABLE
OLAS,Autonolas,Crypto,Global,AVAILABLE
ALUSD,Alchemix USD,Crypto,Global,AVAILABLE
PUPS,PUPS (Ordinals),Crypto,Global,AVAILABLE
PIXEL,Pixels,Crypto,Global,AVAILABLE
ZETA,ZetaChain,Crypto,Global,AVAILABLE
AXL,Axelar,Crypto,Global,AVAILABLE
BILLY,Billy,Crypto,Global,DEPRECIATED
CHEEL,Cheelee,Crypto,Global,DEPRECIATED
YGG,Yield Guild Games,Crypto,Global,AVAILABLE
AXS,Axie Infinity,Crypto,Global,AVAILABLE
HONEY,Hivemapper,Crypto,Global,AVAILABLE
0X0,0x0.ai: AI Smart Contract,Crypto,Global,AVAILABLE
COMP,Compound,Crypto,Global,AVAILABLE
HFT,Hashflow,Crypto,Global,AVAILABLE
WAMPL,Wrapped Ampleforth,Crypto,Global,AVAILABLE
RUNE,THORChain,Crypto,Global,AVAILABLE
DEXT,DEXTools,Crypto,Global,AVAILABLE
FORTH,Ampleforth Governance Token,Crypto,Global,AVAILABLE
GHST,Aavegotchi,Crypto,Global,AVAILABLE
MATH,MATH,Crypto,Global,AVAILABLE
IDEX,IDEX,Crypto,Global,AVAILABLE
DEXE,DeXe,Crypto,Global,AVAILABLE
VNST,VNST Stablecoin,Crypto,Global,DEPRECIATED
AVAX,Avalanche,Crypto,Global,AVAILABLE
AZN,Azerbaijani Manat,AZ,Azerbaijan,AVAILABLE
AMPL,Ampleforth,Crypto,Global,AVAILABLE
UAH,Ukrainian Hryvnia,UA,Ukraine,AVAILABLE
BANANA,Banana Gun,Crypto,Global,AVAILABLE
NEIRO,Neiro on ETH,Crypto,Global,AVAILABLE
LPT,Livepeer (LPT),Crypto,Global,AVAILABLE
EZETH,Renzo Restaked ETH,Crypto,Global,AVAILABLE
GODS,Gods Unchained,Crypto,Global,AVAILABLE
EDUM,EDUM,Crypto,Global,DEPRECIATED
PYG,Paraguayan Guaran√≠,PY,Paraguay,AVAILABLE
JMD,Jamaican Dollar,JM,Jamaica,AVAILABLE
XAUT,Tether Gold,Crypto,Global,AVAILABLE
PYR,Vulcan Forged PYR,Crypto,Global,AVAILABLE
BTRST,Braintrust,Crypto,Global,AVAILABLE
MKUSD,Prisma mkUSD,Crypto,Global,DEPRECIATED
DAG,Constellation,Crypto,Global,AVAILABLE
DAI,DAI,Crypto,Global,AVAILABLE
DAO,DAO Maker,Crypto,Global,AVAILABLE
AVAIL,Avail,Crypto,Global,AVAILABLE
DAR,Mines of Dalarnia,Crypto,Global,AVAILABLE
FET,Fetch.ai,Crypto,Global,AVAILABLE
CBETH,Coinbase Wrapped Staked ETH,Crypto,Global,AVAILABLE
LRC,Loopring,Crypto,Global,AVAILABLE
REPV2,REPv2,Crypto,Global,AVAILABLE
LRD,Liberian Dollar,LR,Liberia,AVAILABLE
CORE,Core,Crypto,Global,AVAILABLE
DASH,Digital Cash,Crypto,Global,AVAILABLE
POKT,Pocket Network,Crypto,Global,AVAILABLE
SAGA,Saga,Crypto,Global,AVAILABLE
LSD,L7DEX,Crypto,Global,DEPRECIATED
JOD,Jordanian Dinar,JO,Jordan,AVAILABLE
GUSD,Gemini US Dollar,Crypto,Global,AVAILABLE
HKD,Hong Kong Dollar,HK,Hong Kong,AVAILABLE
JOE,JOE,Crypto,Global,AVAILABLE
ARSMEP,Argentine Blue Dollar,AR,Argentina,AVAILABLE
LSL,Lesotho Loti,LS,Lesotho,AVAILABLE
LSK,Lisk,Crypto,Global,AVAILABLE
SAFE,Safe,Crypto,Global,AVAILABLE
RDOG,Repost Dog,Crypto,Global,DEPRECIATED
DCR,Decred,Crypto,Global,AVAILABLE
WIF,dogwifhat,Crypto,Global,AVAILABLE
LTC,Litecoin,Crypto,Global,AVAILABLE
METIS,MetisDAO,Crypto,Global,AVAILABLE
ECOIN,Ecoin,Crypto,Global,AVAILABLE
STETH,Lido Staked Ether,Crypto,Global,AVAILABLE
NXM,Nexus Mutual,Crypto,Global,AVAILABLE
LTL,Lithuanian Litas,LT,Lithuania,AVAILABLE
SAR,Saudi Riyal,SA,Saudi Arabia,AVAILABLE
DYDX,dYdX,Crypto,Global,AVAILABLE
AGIX,SingularityNET,Crypto,Global,AVAILABLE
MUBI,Multibit,Crypto,Global,DEPRECIATED
POND,Marlin,Crypto,Global,AVAILABLE
JPY,Japanese Yen,JP,Japan,AVAILABLE
SBD,Solomon Islands Dollar,SB,Solomon Islands,AVAILABLE
DDX,DerivaDAO,Crypto,Global,AVAILABLE
LINK,Chainlink,Crypto,Global,AVAILABLE
QTUM,Qtum,Crypto,Global,AVAILABLE
WILD,Wilder World,Crypto,Global,AVAILABLE
POLS,Polkastarter,Crypto,Global,AVAILABLE
FIL,Filecoin,Crypto,Global,AVAILABLE
POLY,Polymath,Crypto,Global,AVAILABLE
BAL,Balancer,Crypto,Global,AVAILABLE
BAM,Bosnia-Herzegovina Convertible Mark,BA,Bosnia and Herzegovina,AVAILABLE
FIS,Stafi,Crypto,Global,AVAILABLE
BAT,Basic Attention Token,Crypto,Global,AVAILABLE
NZD,New Zealand Dollar,CK,Cook Islands,AVAILABLE
COTI,COTI,Crypto,Global,AVAILABLE
GOAT,Goatseus Maximus,Crypto,Global,AVAILABLE
FWOG,Fwog,Crypto,Global,AVAILABLE
VIRTUAL,Virtuals Protocol,Crypto,Global,AVAILABLE
USDS,USDS,Crypto,Global,AVAILABLE
BNSOL,Binance Staked SOL,Crypto,Global,AVAILABLE
USYC,Hashnote USYC,Crypto,Global,AVAILABLE
SOLVBTC.BBN,Solv Protocol SolvBTC.BBN,Crypto,Global,AVAILABLE
GRASS,Grass,Crypto,Global,AVAILABLE
EBTC,Ether.fi Staked BTC,Crypto,Global,AVAILABLE
WEN,Wen,Crypto,Global,AVAILABLE
KAIA,Kaia,Crypto,Global,AVAILABLE
DRIFT,Drift Protocol,Crypto,Global,AVAILABLE
PUMPBTC,pumpBTC,Crypto,Global,AVAILABLE
$MICHI,michi,Crypto,Global,AVAILABLE
PIP,PIP,Crypto,Global,DEPRECIATED
VXOR,Vested XOR,Crypto,Global,DEPRECIATED
SSOL,Solayer Staked SOL,Crypto,Global,AVAILABLE
CMETH,Mantle Restaked ETH,Crypto,Global,AVAILABLE
CETUS,Cetus Protocol,Crypto,Global,AVAILABLE
PNUT,RabBitcoin,Crypto,Global,AVAILABLE
ACT,Act I : The AI Prophecy,Crypto,Global,AVAILABLE
RBTC,RabBitcoin,Crypto,Global,AVAILABLE
BZR,Bazaars,Crypto,Global,AVAILABLE
AMAPT,Amnis Aptos,Crypto,Global,AVAILABLE
SWELL,SWELL,Crypto,Global,AVAILABLE
LUCE,LUCE,Crypto,Global,DEPRECIATED
AI16Z,ai16z,Crypto,Global,AVAILABLE
FARTCOIN,Fartcoin,Crypto,Global,AVAILABLE
ZEREBRO,Zerebro,Crypto,Global,AVAILABLE
BARSIK,Hasbulla's Cat,Crypto,Global,DEPRECIATED
BAN,Comedian,Crypto,Global,AVAILABLE
LQR,Laqira Protocol,Crypto,Global,DEPRECIATED
ORA,ORA,Crypto,Global,AVAILABLE
CHILLGUY,Chill Guy,Crypto,Global,AVAILABLE
PEAQ,peaq,Crypto,Global,AVAILABLE
SOLO,Sologenic,Crypto,Global,AVAILABLE
TITS,We Love Tits,Crypto,Global,AVAILABLE
BINK,Big Dog Fink,Crypto,Global,AVAILABLE
DADDYCHILL,Daddy Chill,Crypto,Global,DEPRECIATED
SNEK,Snek,Crypto,Global,AVAILABLE
HYPE,Hyperliquid,Crypto,Global,AVAILABLE
STAU,STAU,Crypto,Global,DEPRECIATED
AGENTFUN,AgentFun.AI,Crypto,Global,AVAILABLE
STEAKEURCV,Steakhouse EURCV Morpho Vault,Crypto,Global,DEPRECIATED
SHIRO,Shiro Neko,Crypto,Global,AVAILABLE
MOVE,Movement,Crypto,Global,AVAILABLE
ME,Magic Eden,Crypto,Global,AVAILABLE
MORPHO,Morpho,Crypto,Global,AVAILABLE
CPOOL,Clearpool,Crypto,Global,AVAILABLE
MOCA,Moca Coin,Crypto,Global,AVAILABLE
PRCL,Parcl,Crypto,Global,AVAILABLE
DOGESON,The Dogeson,Crypto,Global,DEPRECIATED
PURR,Purr,Crypto,Global,AVAILABLE
VANA,Vana,Crypto,Global,AVAILABLE
SUSDS,sUSDS,Crypto,Global,AVAILABLE
PENGU,Pudgy Penguins,Crypto,Global,AVAILABLE
USUAL,Usual,Crypto,Global,AVAILABLE
USDX,usdx.money,Crypto,Global,AVAILABLE
AIXBT,aixbt by Virtuals,Crypto,Global,AVAILABLE
UXLINK,UXLINK,Crypto,Global,AVAILABLE
RBNT,Redbelly Network,Crypto,Global,AVAILABLE
WBNB,Wrapped BNB,Crypto,Global,AVAILABLE
PHA,Phala Network,Crypto,Global,AVAILABLE
ARC,AI Rig Complex,Crypto,Global,AVAILABLE
WOULD,would,Crypto,Global,AVAILABLE
GRIFFAIN,GRIFFAIN,Crypto,Global,AVAILABLE
GAME,GAME by Virtuals,Crypto,Global,AVAILABLE
KEKIUS,Kekius Maximus,Crypto,Global,AVAILABLE
FAI,Freysa AI,Crypto,Global,AVAILABLE
BIO,Bio Protocol,Crypto,Global,AVAILABLE
S,Sonic,Crypto,Global,AVAILABLE
DEEP,DeepBook Protocol,Crypto,Global,AVAILABLE
SWARMS,Swarms,Crypto,Global,AVAILABLE
AKUMA,Akuma Inu,Crypto,Global,AVAILABLE
SERAPH,Seraph,Crypto,Global,AVAILABLE
USR,Resolv USR,Crypto,Global,AVAILABLE
SONIC,Sonic SVM,Crypto,Global,AVAILABLE
COOKIE,Cookie DAO,Crypto,Global,AVAILABLE
KRD,Krypton DAO,Crypto,Global,AVAILABLE
ZEUS,Zeus Network,Crypto,Global,AVAILABLE
CGPT,ChainGPT,Crypto,Global,AVAILABLE
INSURANCE,insurance,Crypto,Global,AVAILABLE
CTB,Content Bitcoin,Crypto,Global,AVAILABLE
MEOW,MEOW,Crypto,Global,AVAILABLE
USD1,USD1,Crypto,Global,AVAILABLE
BERASTONE,StakeStone Berachain Vault Token,Crypto,Global,AVAILABLE
UFD,Unicorn Fart Dust,Crypto,Global,AVAILABLE
KPK,ParkCoin,Crypto,Global,AVAILABLE
MELANIA,Melania Meme,Crypto,Global,AVAILABLE
